CustID,Age,Car_loans,Credit_cards,Education,Income,Risk
1,28,1,1,2,3,0
2,45,2,2,2,2,1
3,23,1,1,1,2,0
4,29,1,1,2,2,0
5,27,1,1,1,2,0
6,25,1,1,1,3,0
7,39,1,1,1,3,0
8,33,2,1,2,3,1
9,37,1,1,1,3,0
10,38,1,1,2,3,0
11,31,1,1,2,3,0
12,32,1,1,1,2,0
13,58,2,2,2,1,1
14,33,2,2,1,2,1
15,30,2,2,2,2,1
16,41,1,2,2,2,0
17,38,1,1,2,2,1
18,22,1,1,2,2,0
19,39,1,1,2,2,1
20,20,1,2,1,3,0
21,34,1,1,2,2,0
22,58,2,2,1,1,1
23,28,1,2,1,2,1
24,22,1,2,2,2,0
25,39,1,2,2,2,0
26,44,1,1,2,1,0
27,29,1,2,2,2,0
28,35,1,2,2,2,0
29,21,1,1,1,3,0
30,51,1,2,2,3,0
31,52,1,2,2,3,0
32,21,1,2,1,3,0
33,34,1,1,1,2,0
34,46,1,1,1,2,1
35,35,1,2,2,2,0
36,38,1,1,2,2,0
37,40,1,2,2,1,0
38,40,1,1,1,1,0
39,38,2,1,2,2,1
40,35,1,2,2,3,0
41,47,2,1,1,3,1
42,31,1,2,1,3,0
43,31,2,2,1,2,1
44,46,1,1,1,3,0
45,35,1,1,2,3,1
46,63,1,1,2,2,0
47,38,1,2,2,3,0
48,20,2,2,1,3,1
49,37,1,1,1,2,0
50,25,1,1,1,3,1
51,37,1,2,1,2,0
52,32,1,2,2,3,0
53,35,1,1,1,3,0
54,43,2,1,1,3,1
55,24,2,2,1,3,1
56,53,1,1,2,3,0
57,41,2,2,1,3,1
58,35,1,1,1,2,0
59,33,1,1,2,1,1
60,26,1,1,1,2,0
61,31,2,2,1,3,1
62,46,2,2,1,3,1
63,30,1,2,2,2,0
64,48,1,2,1,2,0
65,20,1,1,1,2,1
66,41,1,2,1,2,0
67,32,1,1,2,2,0
68,39,1,1,1,3,1
69,27,1,1,2,3,1
70,28,2,2,1,3,1
71,29,1,1,2,2,0
72,31,1,2,2,3,0
73,30,2,2,2,3,1
74,31,1,1,2,3,1
75,37,1,2,2,2,0
76,38,1,1,2,3,0
77,43,1,1,2,3,0
78,39,1,1,1,3,1
79,39,1,1,2,3,1
80,30,1,2,2,2,0
81,25,1,1,2,2,1
82,42,1,2,2,3,0
83,37,1,1,2,2,0
84,43,1,2,1,3,0
85,30,1,1,1,2,1
86,51,2,2,2,3,1
87,23,1,2,2,1,0
88,34,1,2,2,2,0
89,37,1,2,2,3,0
90,34,1,1,2,3,0
91,53,1,2,2,2,0
92,38,1,1,2,3,1
93,29,1,2,1,3,0
94,34,2,2,2,3,1
95,25,1,1,1,3,0
96,33,2,2,1,3,1
97,31,1,2,1,3,0
98,32,1,2,2,3,0
99,39,1,1,1,1,1
100,32,1,1,1,3,0
101,40,1,1,2,3,0
102,39,1,1,1,2,1
103,39,2,1,1,3,1
104,39,1,2,2,2,0
105,38,2,1,2,2,1
106,29,1,2,1,2,0
107,43,2,2,1,2,1
108,24,1,1,1,3,0
109,38,1,2,2,3,0
110,36,1,2,1,3,0
111,28,1,2,1,3,0
112,36,1,1,2,2,1
113,34,2,2,1,3,1
114,35,1,2,2,2,0
115,41,1,2,1,3,0
116,40,2,2,1,1,1
117,35,1,2,1,2,0
118,47,2,2,1,2,1
119,26,1,1,2,2,0
120,33,1,2,1,3,0
121,47,1,1,1,2,0
122,53,2,2,2,3,1
123,29,1,1,2,1,0
124,52,1,1,1,2,0
125,45,2,2,2,2,1
126,42,1,1,1,2,0
127,43,2,2,2,3,1
128,28,2,2,2,3,1
129,40,1,2,1,2,0
130,57,2,2,1,3,1
131,30,1,2,1,3,0
132,42,1,1,2,2,0
133,35,1,1,1,3,1
134,43,1,1,1,3,0
135,25,2,2,1,3,1
136,44,1,1,2,3,1
137,41,1,1,1,3,1
138,21,1,2,1,2,1
139,31,1,2,1,2,0
140,35,1,1,2,2,0
141,25,1,2,2,2,0
142,46,2,2,1,2,1
143,36,1,1,2,1,1
144,45,1,1,1,1,1
145,35,1,1,2,2,0
146,50,1,1,1,1,0
147,41,2,2,2,3,1
148,40,2,2,2,3,1
149,44,1,2,1,2,0
150,38,1,1,1,3,0
151,37,2,2,1,3,1
152,45,1,1,1,3,1
153,50,2,2,1,2,1
154,33,1,1,1,3,0
155,23,1,1,1,3,0
156,39,2,2,1,3,1
157,40,1,2,1,3,1
158,41,2,2,1,2,1
159,33,1,2,1,2,0
160,31,1,2,1,3,0
161,59,2,2,1,1,1
162,27,1,1,1,3,1
163,27,2,2,2,3,1
164,25,1,1,1,3,0
165,35,1,1,1,2,0
166,33,2,2,1,2,1
167,43,2,2,2,3,1
168,32,1,1,2,3,0
169,46,2,2,1,3,1
170,49,2,1,1,2,1
171,33,1,2,1,2,0
172,41,1,2,2,3,0
173,40,2,2,1,2,1
174,27,2,2,1,2,1
175,28,2,1,2,2,1
176,35,2,2,2,2,1
177,39,1,2,1,3,0
178,32,1,2,2,3,0
179,40,1,1,2,3,1
180,37,1,2,2,3,0
181,27,1,1,2,2,0
182,47,2,2,2,3,1
183,26,1,1,2,2,0
184,24,2,2,1,3,1
185,26,2,2,1,3,1
186,49,1,1,1,3,0
187,56,2,2,2,2,1
188,29,1,1,2,3,0
189,25,2,2,1,2,1
190,33,2,2,1,3,1
191,47,1,1,2,3,0
192,25,1,1,1,1,1
193,39,1,1,2,2,1
194,36,2,2,1,3,1
195,32,1,1,2,2,1
196,39,1,1,1,2,0
197,38,1,1,1,3,0
198,38,1,1,2,2,1
199,36,2,2,1,2,1
200,45,2,2,1,3,1
201,31,1,2,2,2,0
202,44,1,1,2,2,1
203,30,2,2,2,3,1
204,21,1,2,2,2,0
205,41,1,1,1,3,0
206,50,2,2,2,3,1
207,32,1,1,1,3,0
208,28,1,1,1,2,0
209,41,1,2,1,2,1
210,32,1,1,1,2,1
211,31,1,1,1,3,1
212,46,1,2,1,3,0
213,29,1,1,2,3,0
214,32,1,1,1,3,0
215,44,1,1,2,3,1
216,32,1,1,1,2,0
217,54,1,2,2,2,0
218,47,1,1,2,1,1
219,44,1,1,2,2,0
220,40,1,2,1,3,0
221,46,1,2,1,3,0
222,26,1,1,2,3,1
223,40,1,1,1,2,0
224,26,1,1,1,2,0
225,41,1,1,2,3,0
226,46,1,2,2,2,0
227,22,1,1,1,3,0
228,34,1,1,1,2,1
229,61,2,2,1,2,1
230,27,2,1,1,2,1
231,44,1,2,1,2,0
232,39,2,2,1,2,1
233,28,2,2,1,3,1
234,31,2,2,1,1,1
235,42,1,2,1,3,0
236,30,1,1,1,2,0
237,57,1,2,1,2,0
238,32,1,1,1,2,1
239,42,1,1,2,2,0
240,46,1,1,1,2,0
241,50,1,2,1,2,0
242,22,1,2,2,3,0
243,40,1,2,1,2,0
244,21,1,2,1,3,0
245,49,1,1,2,1,1
246,41,2,2,2,2,1
247,32,1,2,1,2,0
248,39,1,1,2,2,1
249,26,1,1,1,2,1
250,26,1,1,2,1,0
251,48,1,1,1,3,0
252,42,1,2,1,3,0
253,34,2,2,1,3,1
254,43,1,1,2,3,0
255,35,1,1,1,2,1
256,46,1,2,2,2,0
257,38,1,1,1,2,0
258,26,1,2,1,2,0
259,39,1,1,2,1,1
260,39,1,1,1,3,1
261,33,1,1,1,3,1
262,33,1,2,2,3,0
263,32,1,1,1,2,0
264,38,2,2,2,1,1
265,39,1,1,1,2,1
266,34,1,1,2,2,1
267,26,1,2,1,3,0
268,41,1,1,1,1,0
269,46,1,1,2,2,0
270,36,1,2,1,3,0
271,31,1,1,1,2,1
272,39,1,2,2,2,0
273,44,1,1,2,2,0
274,46,2,2,1,2,1
275,38,1,1,1,1,1
276,37,1,1,1,2,0
277,32,1,1,2,3,0
278,44,1,1,1,2,0
279,30,1,1,2,2,0
280,37,1,2,1,3,0
281,38,2,1,2,2,1
282,25,1,1,1,3,1
283,28,2,2,2,2,1
284,43,1,1,2,2,1
285,33,1,1,2,2,1
286,50,1,1,1,3,1
287,43,1,1,2,2,0
288,37,1,2,1,2,0
289,26,1,2,2,3,1
290,37,1,2,2,3,0
291,43,1,1,2,2,1
292,30,1,1,1,2,0
293,22,1,1,2,3,0
294,21,1,1,1,3,1
295,42,1,1,1,3,0
296,23,1,2,2,2,0
297,27,1,1,1,3,0
298,35,1,1,2,2,0
299,23,2,2,1,3,1
300,23,1,2,2,3,0
301,47,1,1,2,3,1
302,35,1,1,2,2,0
303,28,1,2,2,2,1
304,25,1,2,1,2,0
305,40,1,2,2,3,0
306,38,2,2,1,2,1
307,39,1,1,2,2,0
308,44,2,2,2,3,1
309,42,1,1,1,3,0
310,24,1,2,2,2,0
311,29,2,2,1,2,1
312,35,1,1,2,2,0
313,39,2,2,1,2,1
314,33,1,2,2,3,0
315,30,1,1,2,3,0
316,42,1,1,1,3,0
317,23,2,2,1,2,1
318,34,1,1,1,2,0
319,25,1,2,2,3,0
320,27,1,2,2,3,0
321,57,2,2,2,2,1
322,43,1,1,2,3,0
323,30,2,2,2,2,1
324,39,1,2,2,2,0
325,30,2,2,2,2,1
326,57,2,1,2,3,1
327,38,1,1,2,2,0
328,34,1,1,1,3,0
329,29,1,2,2,2,1
330,48,1,1,1,3,0
331,36,1,2,2,2,0
332,20,1,2,1,3,0
333,34,2,2,2,2,1
334,42,1,1,2,3,1
335,23,1,2,1,1,0
336,43,1,1,2,2,0
337,35,1,2,1,3,0
338,34,1,2,1,3,0
339,59,1,2,2,3,0
340,37,1,2,1,1,0
341,35,2,2,1,2,1
342,26,1,1,1,1,1
343,21,1,2,1,2,0
344,38,2,2,2,2,1
345,48,1,1,1,2,1
346,49,1,1,1,2,1
347,39,1,2,1,3,0
348,40,1,2,2,3,0
349,44,1,1,2,2,0
350,28,1,1,1,3,0
351,41,1,1,1,3,1
352,30,1,2,1,2,0
353,52,1,1,2,2,1
354,21,1,2,1,3,0
355,39,1,2,2,3,0
356,36,1,1,1,3,0
357,26,1,2,1,3,0
358,44,1,2,2,3,0
359,43,1,1,2,3,0
360,27,2,2,1,2,1
361,36,1,2,2,2,0
362,35,1,1,2,3,1
363,38,2,2,2,3,1
364,30,1,1,1,2,0
365,44,1,2,1,3,0
366,34,1,2,2,3,0
367,30,1,2,1,3,0
368,21,1,1,2,3,0
369,29,1,1,2,2,0
370,23,1,1,2,2,1
371,41,1,1,2,3,0
372,33,1,1,1,3,0
373,21,1,1,1,2,0
374,38,2,2,1,2,1
375,42,1,1,1,3,1
376,29,1,2,1,2,0
377,45,2,2,2,2,1
378,32,1,1,2,1,0
379,39,2,2,2,2,1
380,31,1,2,1,2,0
381,34,1,1,2,2,0
382,36,1,1,1,2,0
383,57,1,2,1,2,0
384,36,1,1,2,3,0
385,26,1,2,2,2,0
386,46,1,2,1,3,0
387,35,1,1,1,2,0
388,42,1,2,2,3,0
389,45,1,2,1,2,1
390,25,1,2,2,1,0
391,33,1,2,2,2,0
392,39,1,2,1,3,0
393,31,1,1,1,3,0
394,26,1,1,2,2,1
395,34,1,1,1,2,0
396,40,1,2,2,1,0
397,33,2,2,2,2,1
398,41,1,1,2,3,0
399,33,1,2,1,2,0
400,29,1,1,2,3,1
401,39,1,2,2,2,0
402,44,1,1,2,2,0
403,54,1,2,2,3,1
404,24,2,2,2,3,1
405,28,1,2,2,2,0
406,52,1,1,2,2,1
407,30,1,2,2,3,0
408,24,1,2,2,3,0
409,44,1,1,2,3,1
410,24,1,1,1,2,1
411,42,1,2,2,2,0
412,24,1,2,2,2,0
413,33,2,2,2,2,1
414,46,1,1,2,2,0
415,41,1,1,2,1,1
416,29,1,1,1,3,1
417,41,1,1,2,2,0
418,32,1,2,2,3,0
419,48,2,2,2,3,1
420,51,1,1,1,3,0
421,37,2,2,1,3,1
422,59,1,1,1,3,0
423,38,1,2,2,2,0
424,26,1,1,2,3,0
425,27,2,2,2,3,1
426,42,1,1,1,3,1
427,32,1,2,2,2,0
428,25,2,1,2,3,1
429,42,1,1,1,2,1
430,31,1,2,2,3,0
431,25,1,1,1,3,0
432,44,1,2,2,2,0
433,31,1,2,1,2,0
434,34,1,1,2,2,0
435,41,1,1,2,2,1
436,31,1,1,1,2,1
437,35,2,2,2,2,1
438,23,1,1,1,3,1
439,24,1,2,2,2,0
440,38,1,2,1,3,0
441,25,2,2,1,2,1
442,36,1,2,1,3,0
443,33,1,2,1,1,0
444,48,2,2,2,3,1
445,34,1,2,2,2,0
446,32,1,2,2,2,1
447,43,2,2,1,3,1
448,42,1,1,2,3,0
449,40,1,2,2,2,0
450,47,2,2,1,3,1
451,22,1,1,2,3,1
452,30,1,1,2,1,0
453,38,1,2,2,2,0
454,40,1,1,1,2,0
455,29,2,2,2,3,1
456,38,2,2,1,2,1
457,29,1,2,2,3,0
458,26,1,2,1,3,0
459,38,1,1,1,2,1
460,22,2,2,2,2,1
461,37,1,2,1,2,0
462,27,1,2,1,3,0
463,36,1,1,1,2,1
464,34,1,2,2,3,0
465,28,1,1,2,1,1
466,49,2,2,2,2,1
467,42,2,2,1,2,1
468,32,1,1,2,3,0
469,35,1,2,2,2,0
470,27,2,2,2,1,1
471,47,2,2,1,3,1
472,43,1,1,1,2,1
473,54,1,1,2,2,0
474,30,1,1,2,1,1
475,25,1,2,1,1,0
476,30,1,1,2,3,1
477,36,1,2,1,1,0
478,34,1,1,1,3,1
479,43,1,1,2,2,1
480,33,1,1,1,1,1
481,34,1,1,1,2,0
482,46,1,2,1,1,1
483,38,1,1,1,2,1
484,35,1,2,2,3,0
485,43,2,2,2,2,1
486,24,1,1,2,1,0
487,24,2,2,1,3,1
488,33,1,1,1,2,1
489,35,2,2,1,3,1
490,30,1,2,2,2,0
491,30,1,2,1,3,0
492,42,1,1,2,2,0
493,44,1,2,1,2,0
494,33,1,1,2,3,0
495,20,1,1,2,3,1
496,47,2,2,1,1,1
497,41,1,1,2,1,0
498,32,1,1,1,3,1
499,52,1,1,2,2,0
500,25,1,1,2,3,1
501,46,2,2,1,3,1
502,44,1,2,1,2,0
503,22,2,2,2,2,1
504,39,1,1,1,3,0
505,46,1,2,1,2,0
506,28,1,1,1,3,0
507,32,1,2,1,2,0
508,38,1,2,1,3,0
509,41,1,2,2,2,0
510,44,1,1,2,2,0
511,45,1,1,2,3,1
512,49,2,2,1,3,1
513,51,1,1,2,3,1
514,32,1,1,1,2,1
515,20,1,1,2,2,1
516,28,1,2,1,2,0
517,32,1,1,1,3,1
518,34,1,1,1,2,0
519,27,1,1,1,3,1
520,38,1,2,1,3,0
521,36,1,2,2,3,0
522,28,1,2,1,3,0
523,38,1,1,1,3,1
524,28,1,2,2,3,0
525,40,2,2,2,3,1
526,29,2,2,2,1,1
527,35,1,1,2,3,0
528,20,2,2,2,3,1
529,34,1,1,1,1,1
530,40,1,2,2,2,0
531,36,1,1,2,2,0
532,26,1,2,2,1,0
533,40,1,1,2,2,0
534,26,1,2,2,3,0
535,30,1,2,2,3,1
536,33,1,1,1,2,0
537,31,2,1,2,2,1
538,36,1,1,2,3,0
539,39,1,2,2,3,1
540,34,2,2,2,2,1
541,53,2,2,1,3,1
542,34,2,2,1,1,1
543,31,1,1,1,3,1
544,37,1,2,2,1,0
545,20,1,1,2,2,0
546,47,1,2,1,3,0
547,50,1,2,2,2,0
548,27,1,1,2,3,1
549,36,1,1,1,3,1
550,24,1,1,1,2,1
551,25,1,1,1,2,0
552,28,1,1,1,2,0
553,20,1,1,2,1,0
554,35,1,1,2,2,0
555,41,2,2,1,2,1
556,39,1,1,1,3,0
557,41,1,1,1,3,1
558,28,2,2,2,3,1
559,39,1,1,1,2,1
560,35,1,1,2,2,0
561,31,2,2,1,2,1
562,36,1,1,1,3,1
563,51,2,2,1,2,1
564,47,1,2,2,3,0
565,40,2,2,2,3,1
566,35,1,2,2,3,0
567,27,1,1,2,2,0
568,24,1,1,2,3,0
569,51,1,1,1,2,0
570,35,1,2,2,3,0
571,36,1,1,1,2,0
572,28,1,1,2,3,0
573,33,1,1,2,3,1
574,39,1,1,1,3,1
575,32,1,2,1,2,0
576,33,1,1,2,2,1
577,24,1,2,1,2,0
578,22,1,1,1,3,1
579,32,1,2,2,2,0
580,39,1,1,1,2,0
581,50,2,2,2,3,1
582,45,2,2,1,3,1
583,40,2,2,1,2,1
584,45,1,1,1,2,0
585,53,1,2,2,2,0
586,30,1,1,1,2,0
587,39,1,2,1,3,0
588,30,1,1,2,3,0
589,38,1,2,1,3,0
590,28,1,1,1,3,1
591,41,1,2,2,3,0
592,26,1,1,2,3,0
593,39,2,1,1,3,1
594,55,1,1,1,2,1
595,28,1,2,2,2,0
596,21,1,1,1,3,0
597,38,1,1,2,3,1
598,35,1,1,1,2,0
599,52,1,1,1,2,1
600,46,1,2,2,3,0
601,28,1,1,2,2,0
602,23,1,1,2,3,1
603,31,2,2,2,3,1
604,30,1,2,1,2,0
605,52,1,1,1,2,1
606,37,1,1,2,3,0
607,45,1,1,1,2,1
608,49,1,1,2,2,0
609,28,1,1,1,2,1
610,38,1,1,1,3,1
611,26,1,1,2,2,0
612,34,1,2,2,2,0
613,46,1,2,2,1,0
614,32,1,1,1,3,1
615,41,1,2,1,3,0
616,32,1,1,1,2,0
617,45,1,2,2,3,0
618,35,1,1,1,3,0
619,41,1,2,1,3,0
620,48,1,2,2,3,0
621,33,1,1,2,2,0
622,27,2,2,1,3,1
623,39,1,2,2,3,0
624,26,1,1,1,2,0
625,21,1,1,1,3,0
626,28,1,1,2,1,1
627,23,1,2,1,3,0
628,31,1,1,2,3,0
629,21,1,1,1,2,0
630,54,1,1,1,3,1
631,32,1,1,2,3,1
632,42,1,1,2,3,0
633,43,2,1,2,3,1
634,22,1,1,1,3,0
635,50,1,1,1,2,0
636,28,1,1,2,3,0
637,21,1,2,2,3,0
638,37,1,1,2,3,1
639,37,1,2,2,2,0
640,33,2,2,2,3,1
641,23,1,1,2,2,0
642,32,1,1,1,2,0
643,33,1,1,2,3,0
644,34,1,2,2,3,0
645,46,1,2,1,2,0
646,27,1,2,1,3,0
647,50,1,2,2,3,1
648,49,1,2,2,2,0
649,34,1,1,1,2,0
650,26,1,1,1,3,0
651,39,1,1,1,3,1
652,42,2,2,1,3,1
653,36,1,2,2,3,0
654,31,2,2,2,2,1
655,35,2,2,1,2,1
656,58,1,2,2,2,0
657,42,1,1,1,3,0
658,35,1,1,1,2,0
659,39,2,2,1,2,1
660,45,1,1,1,2,0
661,34,1,1,1,2,0
662,36,1,2,2,2,0
663,22,1,2,1,3,0
664,30,1,2,2,2,0
665,35,2,2,2,2,1
666,42,1,1,2,2,1
667,30,1,2,1,3,0
668,39,1,1,1,2,0
669,26,1,2,1,3,0
670,44,1,1,1,3,0
671,29,1,2,2,2,0
672,21,1,1,1,3,1
673,38,1,1,2,2,1
674,43,1,1,2,3,0
675,30,1,2,2,2,0
676,34,1,1,1,3,0
677,25,1,1,2,2,1
678,40,1,2,2,3,0
679,32,1,2,2,3,0
680,28,2,2,2,3,1
681,30,1,2,2,3,0
682,45,1,1,1,2,0
683,28,1,2,2,3,0
684,28,1,2,2,3,0
685,41,2,2,2,3,1
686,42,1,1,1,2,1
687,47,2,2,2,2,1
688,48,1,1,2,3,1
689,39,1,2,1,2,0
690,24,1,1,1,3,1
691,29,1,2,1,3,0
692,35,1,1,2,2,1
693,42,1,1,1,2,1
694,47,1,1,1,1,0
695,45,1,1,2,3,1
696,26,1,1,2,2,0
697,43,2,2,2,2,1
698,41,1,2,1,3,0
699,33,2,2,2,3,1
700,28,1,2,2,2,0
701,28,1,2,2,3,0
702,45,1,2,2,3,0
703,20,1,1,1,1,0
704,25,1,2,2,3,0
705,24,1,1,2,2,0
706,22,1,2,2,3,0
707,41,2,1,1,3,1
708,33,1,2,2,3,0
709,29,1,1,2,3,1
710,33,1,2,2,2,0
711,44,1,2,2,3,1
712,23,1,1,1,2,0
713,27,1,1,2,2,0
714,36,1,2,2,1,0
715,44,1,1,2,2,0
716,26,1,2,1,2,0
717,29,1,2,2,3,0
718,26,2,2,2,1,1
719,50,1,1,1,1,0
720,34,1,1,1,3,1
721,27,1,2,1,3,0
722,28,1,2,2,3,0
723,32,1,1,1,2,0
724,32,1,2,1,1,0
725,47,2,2,1,1,1
726,34,1,2,1,3,0
727,36,1,2,1,3,0
728,36,1,1,2,2,0
729,32,1,1,2,2,0
730,59,1,2,1,3,0
731,34,1,1,1,3,1
732,27,1,2,2,2,0
733,43,1,1,1,2,0
734,35,1,2,1,3,0
735,50,2,2,1,3,1
736,37,1,2,1,1,0
737,41,2,2,1,2,1
738,38,1,1,2,3,0
739,21,1,1,1,3,1
740,45,1,1,1,3,1
741,40,1,1,2,2,1
742,49,2,2,2,2,1
743,40,2,2,2,3,1
744,42,1,2,2,3,0
745,34,1,1,2,2,0
746,40,2,2,1,3,1
747,37,1,2,2,1,0
748,39,2,2,1,2,1
749,43,1,1,2,3,0
750,29,1,2,1,2,1
751,40,1,2,1,3,0
752,43,2,2,1,2,1
753,41,1,1,1,2,1
754,49,1,1,1,3,1
755,34,1,2,1,2,0
756,42,1,2,1,2,1
757,22,1,1,1,3,1
758,27,2,2,1,2,1
759,31,1,1,2,3,0
760,43,1,2,1,2,0
761,35,1,2,2,2,0
762,29,1,1,1,2,1
763,34,1,1,2,2,0
764,28,1,2,2,1,0
765,38,1,2,1,3,0
766,41,1,1,1,3,1
767,43,1,2,1,2,0
768,31,1,1,2,2,0
769,40,1,1,2,3,1
770,44,2,2,2,2,1
771,60,1,1,1,3,1
772,28,1,1,1,2,0
773,36,1,2,1,3,0
774,27,1,1,2,2,1
775,33,1,2,1,2,0
776,48,2,2,2,2,1
777,53,1,1,1,3,0
778,43,1,2,2,3,0
779,36,1,1,1,3,0
780,31,2,2,1,2,1
781,41,1,1,1,2,0
782,42,1,1,1,2,0
783,32,1,2,2,2,0
784,38,1,1,1,3,0
785,26,1,1,1,3,1
786,23,1,1,2,3,1
787,40,2,2,2,3,1
788,31,1,1,2,2,1
789,23,1,1,2,2,0
790,25,2,2,1,3,1
791,23,2,2,2,3,1
792,26,1,2,1,3,0
793,25,1,2,1,2,0
794,52,2,2,1,2,1
795,30,1,1,2,3,0
796,37,1,1,1,3,0
797,29,1,1,2,3,0
798,23,1,2,1,2,0
799,31,1,1,1,3,0
800,29,2,2,1,2,1
801,44,1,1,1,3,1
802,25,1,1,1,2,0
803,28,2,2,2,3,1
804,27,2,2,2,1,1
805,47,1,2,2,3,1
806,34,1,2,1,3,0
807,37,1,1,1,2,1
808,51,2,2,2,2,1
809,32,1,1,1,3,0
810,33,1,1,1,2,0
811,25,1,2,2,3,1
812,34,2,2,1,2,1
813,41,2,2,2,3,1
814,42,1,2,2,1,0
815,34,1,1,2,1,0
816,43,1,1,1,3,0
817,53,1,1,2,1,0
818,42,1,2,1,3,0
819,24,1,2,2,3,0
820,44,1,1,1,2,0
821,23,1,1,1,3,1
822,46,1,1,2,1,0
823,53,1,2,1,3,0
824,42,2,2,1,2,1
825,22,1,2,2,3,0
826,32,1,1,2,2,0
827,39,1,1,2,1,0
828,27,1,2,2,2,0
829,34,1,1,2,3,1
830,46,2,1,2,2,1
831,37,1,1,1,2,1
832,39,1,2,1,3,0
833,24,1,1,1,2,0
834,35,1,2,2,2,0
835,32,1,1,1,3,0
836,24,1,2,1,2,0
837,28,1,2,1,2,0
838,37,1,1,1,2,1
839,41,1,2,1,2,1
840,30,2,2,2,3,1
841,32,2,1,2,3,1
842,37,1,2,2,3,0
843,45,1,2,2,2,0
844,29,1,1,1,3,1
845,41,1,1,1,2,0
846,29,1,2,1,3,0
847,48,2,2,1,2,1
848,38,1,1,1,3,0
849,45,1,1,1,2,0
850,26,2,2,2,3,1
851,30,1,1,2,2,1
852,43,1,1,1,3,1
853,20,1,1,1,3,0
854,25,1,1,1,2,1
855,32,1,2,1,3,0
856,40,2,2,1,3,1
857,28,1,1,2,3,0
858,45,2,2,2,3,1
859,36,1,1,2,2,0
860,38,2,2,2,3,1
861,34,2,2,2,2,1
862,32,1,1,1,3,0
863,41,1,2,2,2,0
864,39,1,1,1,2,0
865,39,1,2,2,3,0
866,47,1,1,2,3,0
867,42,1,2,1,3,0
868,33,1,2,1,2,0
869,31,2,2,1,3,1
870,33,1,1,2,3,0
871,45,1,2,1,2,0
872,34,1,2,2,2,0
873,23,1,2,1,2,0
874,35,1,2,2,2,0
875,25,1,2,1,3,0
876,33,1,2,2,2,0
877,42,1,1,2,2,0
878,33,1,1,1,2,0
879,32,1,1,2,3,0
880,30,1,2,2,1,0
881,25,1,2,1,2,0
882,32,1,2,2,2,0
883,49,1,1,1,2,0
884,36,1,2,1,2,1
885,37,2,2,2,2,1
886,42,1,1,1,2,0
887,46,1,1,2,2,0
888,37,1,1,1,3,1
889,36,1,1,1,2,1
890,31,1,2,1,3,0
891,40,1,1,2,2,1
892,34,1,1,1,3,0
893,35,2,2,2,2,1
894,27,1,1,1,2,0
895,25,1,1,1,3,0
896,31,1,1,2,2,0
897,38,1,1,2,3,0
898,47,1,2,2,2,0
899,27,1,1,2,3,1
900,39,2,1,2,2,1
901,30,2,2,1,2,1
902,35,1,1,2,2,0
903,39,1,2,1,2,0
904,28,1,1,2,3,0
905,29,1,1,1,3,1
906,39,1,1,1,3,0
907,34,1,1,1,2,0
908,20,2,2,2,2,1
909,27,2,1,1,2,1
910,30,1,2,2,2,0
911,23,1,1,1,2,1
912,40,2,2,1,3,1
913,31,1,1,1,3,0
914,46,1,2,2,3,0
915,41,1,2,2,3,1
916,38,1,2,1,3,0
917,41,1,1,2,3,0
918,33,1,1,2,3,0
919,28,1,1,1,2,1
920,41,1,1,1,2,0
921,37,1,1,2,2,0
922,41,1,2,1,3,0
923,38,2,2,2,3,1
924,24,2,1,1,2,1
925,23,1,2,1,3,0
926,30,2,2,2,3,1
927,31,1,1,2,3,1
928,33,1,1,2,3,0
929,33,1,1,2,3,0
930,31,2,2,2,3,1
931,38,1,1,2,3,0
932,25,1,2,2,3,0
933,27,1,2,1,3,0
934,38,1,1,1,3,1
935,37,2,2,2,3,1
936,43,2,2,1,2,1
937,42,1,1,2,3,0
938,28,1,1,2,3,0
939,47,1,2,1,3,0
940,44,1,2,2,3,0
941,36,1,2,2,2,0
942,38,1,1,1,2,0
943,37,1,2,1,2,0
944,40,2,2,1,2,1
945,25,2,2,2,2,1
946,46,1,1,1,3,0
947,39,1,1,2,3,1
948,39,1,2,2,2,0
949,25,1,1,1,3,0
950,35,1,2,2,2,1
951,42,2,2,2,3,1
952,39,2,2,2,2,1
953,62,1,2,1,2,0
954,47,1,2,1,1,0
955,57,1,2,1,3,0
956,50,1,1,2,2,0
957,29,2,2,2,2,1
958,57,1,2,2,3,0
959,39,1,1,2,2,0
960,26,1,1,1,2,1
961,33,1,1,1,2,0
962,32,1,1,2,3,0
963,43,1,2,2,2,1
964,53,1,2,1,3,0
965,45,2,2,1,2,1
966,20,2,2,1,2,1
967,26,2,2,1,2,1
968,33,1,1,2,2,0
969,35,1,1,2,2,1
970,41,1,1,2,2,1
971,49,1,1,2,3,1
972,53,1,1,1,3,0
973,21,1,2,2,2,0
974,33,2,2,1,3,1
975,28,1,1,1,3,1
976,59,1,2,2,3,0
977,20,2,2,2,3,1
978,39,1,2,1,2,0
979,30,1,1,1,2,1
980,41,2,2,1,3,1
981,29,1,2,1,2,0
982,53,1,2,2,2,0
983,46,1,1,2,2,0
984,33,1,2,2,3,0
985,25,1,2,1,3,0
986,21,2,2,2,2,1
987,39,1,2,2,2,0
988,21,1,1,1,3,1
989,28,1,2,1,2,0
990,50,2,2,1,3,1
991,22,1,1,1,1,0
992,27,1,2,2,2,0
993,37,1,1,2,3,1
994,42,1,2,2,3,0
995,31,1,2,2,2,0
996,46,1,1,1,3,0
997,30,1,2,2,3,0
998,33,1,2,1,2,0
999,34,1,1,1,2,0
1000,26,1,1,1,3,0
1001,21,1,2,2,3,0
1002,21,2,2,1,3,1
1003,27,1,2,1,2,0
1004,49,1,2,2,2,0
1005,27,1,2,1,2,0
1006,55,2,1,1,3,1
1007,33,1,1,1,2,0
1008,27,1,1,1,3,0
1009,40,1,1,2,2,1
1010,33,1,2,2,2,0
1011,27,2,2,1,2,1
1012,33,1,2,2,3,0
1013,48,1,2,2,2,0
1014,34,1,1,2,2,0
1015,28,1,2,1,2,0
1016,31,2,2,2,2,1
1017,25,2,2,2,3,1
1018,46,1,1,1,1,0
1019,35,1,2,1,2,0
1020,32,1,1,2,1,1
1021,22,2,2,2,1,1
1022,47,1,2,2,3,0
1023,32,1,1,2,3,0
1024,46,2,2,2,3,1
1025,33,1,2,2,3,0
1026,38,1,1,1,2,0
1027,49,1,2,1,3,0
1028,35,1,2,2,3,0
1029,30,1,2,1,3,0
1030,38,2,2,2,2,1
1031,28,1,2,1,3,0
1032,27,1,1,2,3,1
1033,26,1,1,2,2,1
1034,45,1,2,2,2,0
1035,47,1,1,1,3,1
1036,34,1,2,1,2,1
1037,45,1,2,2,3,0
1038,31,1,1,2,3,0
1039,32,1,1,2,2,1
1040,26,1,1,1,1,0
1041,35,1,1,1,3,0
1042,32,1,1,2,3,0
1043,42,1,1,2,3,1
1044,37,1,1,2,3,1
1045,50,1,2,1,2,0
1046,28,2,2,1,2,1
1047,39,1,1,2,2,0
1048,43,1,2,2,1,0
1049,29,2,2,1,3,1
1050,22,1,2,1,3,0
1051,29,1,1,2,2,1
1052,43,1,1,2,2,0
1053,34,2,2,2,2,1
1054,40,2,2,1,2,1
1055,47,1,2,2,3,0
1056,26,1,2,1,2,0
1057,42,2,2,2,3,1
1058,22,2,1,2,2,1
1059,32,1,2,2,2,1
1060,50,1,1,2,2,0
1061,39,1,2,1,2,0
1062,39,1,2,1,3,0
1063,38,1,2,2,2,0
1064,47,1,2,2,2,0
1065,41,1,2,2,2,0
1066,41,1,2,2,1,1
1067,34,1,2,1,3,0
1068,20,1,2,2,2,0
1069,28,1,1,1,2,0
1070,35,2,2,2,2,1
1071,38,1,1,2,3,1
1072,46,1,1,2,1,1
1073,38,1,1,2,2,0
1074,44,1,2,2,2,0
1075,43,2,2,2,2,1
1076,30,1,1,1,3,0
1077,38,1,2,1,3,0
1078,47,1,2,1,2,0
1079,27,1,2,1,3,0
1080,43,1,2,2,2,0
1081,33,2,1,2,3,1
1082,25,1,1,1,2,0
1083,38,2,2,1,3,1
1084,45,1,1,2,3,0
1085,24,2,2,1,3,1
1086,44,1,2,1,3,0
1087,25,2,2,1,2,1
1088,34,1,1,2,2,0
1089,35,1,2,2,2,0
1090,41,1,1,2,3,0
1091,37,1,1,1,3,1
1092,40,1,2,1,3,0
1093,35,2,2,1,3,1
1094,38,1,1,2,2,0
1095,43,1,2,2,3,0
1096,48,1,2,1,3,0
1097,24,2,2,2,3,1
1098,28,1,1,2,3,1
1099,27,2,2,2,3,1
1100,44,1,2,2,3,0
1101,49,1,1,1,2,1
1102,35,1,2,2,2,0
1103,50,1,1,1,2,0
1104,24,1,1,2,2,1
1105,22,1,1,2,1,0
1106,28,2,2,2,3,1
1107,31,1,2,1,3,0
1108,31,1,2,1,3,0
1109,22,1,1,2,3,0
1110,44,1,1,2,2,0
1111,38,1,1,2,3,0
1112,50,1,2,1,2,0
1113,38,1,1,2,3,0
1114,38,1,2,2,2,0
1115,26,1,1,2,2,1
1116,43,1,2,1,3,0
1117,30,2,2,1,2,1
1118,35,1,1,2,2,0
1119,38,1,2,1,3,1
1120,34,2,2,1,2,1
1121,28,1,1,1,3,0
1122,47,2,2,1,3,1
1123,29,1,1,2,1,1
1124,35,1,2,2,2,0
1125,45,2,1,1,2,1
1126,44,1,2,1,2,0
1127,40,1,1,2,3,0
1128,30,1,1,2,3,0
1129,23,1,2,1,2,0
1130,48,2,2,2,3,1
1131,40,1,2,1,3,0
1132,47,1,1,2,2,0
1133,47,2,2,2,2,1
1134,48,2,2,2,2,1
1135,47,1,1,2,3,1
1136,36,2,2,2,2,1
1137,40,1,1,2,2,0
1138,36,1,2,1,3,1
1139,48,1,2,1,3,0
1140,27,1,1,1,2,1
1141,40,1,2,2,2,0
1142,30,1,2,2,3,0
1143,42,1,1,1,1,0
1144,45,1,2,1,3,0
1145,30,1,2,1,2,0
1146,31,1,1,2,2,1
1147,49,2,2,1,2,1
1148,44,1,1,2,2,0
1149,44,2,2,2,2,1
1150,49,2,2,2,3,1
1151,39,1,2,1,3,0
1152,24,2,2,1,2,1
1153,32,1,1,1,3,1
1154,32,2,1,2,2,1
1155,49,1,2,2,3,0
1156,26,2,2,1,3,1
1157,44,1,2,2,3,0
1158,28,2,1,2,2,1
1159,33,1,2,2,2,1
1160,36,2,2,1,3,1
1161,40,1,1,2,2,1
1162,33,1,2,1,3,0
1163,34,1,1,1,2,1
1164,29,1,1,2,2,1
1165,44,1,1,1,3,0
1166,39,1,2,2,3,0
1167,31,2,1,2,3,1
1168,31,1,1,2,2,0
1169,48,1,2,1,3,0
1170,47,2,2,2,3,1
1171,46,1,2,1,2,1
1172,43,1,1,2,3,1
1173,33,1,1,1,2,0
1174,39,1,2,1,3,0
1175,39,1,1,1,1,0
1176,25,1,1,1,2,0
1177,37,1,2,1,3,0
1178,39,2,2,1,3,1
1179,29,2,2,1,3,1
1180,47,1,2,2,3,0
1181,24,2,1,1,2,1
1182,35,2,2,2,3,1
1183,51,2,2,1,3,1
1184,34,2,1,1,2,1
1185,32,1,2,1,3,0
1186,24,1,1,1,3,0
1187,33,1,2,1,2,0
1188,43,1,1,2,3,0
1189,46,1,1,1,1,0
1190,27,2,1,2,2,1
1191,47,1,1,1,2,1
1192,21,1,1,2,1,1
1193,29,1,2,2,2,0
1194,42,2,2,1,3,1
1195,20,1,1,2,2,0
1196,35,2,2,1,3,1
1197,44,1,1,1,1,1
1198,34,1,1,1,3,0
1199,41,2,2,1,2,1
1200,44,1,1,1,3,1
1201,40,1,2,2,1,0
1202,35,1,1,1,2,0
1203,24,1,1,1,3,1
1204,24,1,1,2,3,0
1205,22,1,1,1,3,0
1206,46,1,1,2,3,0
1207,43,1,2,2,1,0
1208,52,1,1,2,2,0
1209,57,1,2,1,3,0
1210,26,1,2,1,3,0
1211,45,2,2,2,3,1
1212,40,1,2,2,2,0
1213,46,2,2,1,3,1
1214,26,1,1,2,1,0
1215,31,1,2,1,1,0
1216,46,1,1,1,3,1
1217,29,1,1,2,2,1
1218,38,1,2,1,3,0
1219,43,1,1,2,2,0
1220,52,1,2,1,3,1
1221,35,1,1,2,2,0
1222,28,1,1,1,3,1
1223,33,1,2,1,3,0
1224,30,1,1,1,3,0
1225,26,1,1,1,3,1
1226,42,1,1,2,2,1
1227,34,2,2,1,3,1
1228,47,1,1,1,3,0
1229,42,1,1,2,3,0
1230,31,1,1,2,2,1
1231,41,1,1,1,2,1
1232,48,1,1,2,3,0
1233,39,1,1,1,2,1
1234,39,1,1,2,3,1
1235,29,1,1,1,3,0
1236,20,2,2,2,3,1
1237,29,1,2,1,3,1
1238,44,1,1,2,2,1
1239,33,1,1,2,3,1
1240,53,1,2,2,3,0
1241,31,2,2,1,3,1
1242,38,1,1,1,2,0
1243,27,2,2,2,2,1
1244,27,1,1,2,3,1
1245,33,1,2,1,2,0
1246,33,1,2,1,3,0
1247,36,1,2,2,3,0
1248,28,1,1,2,2,0
1249,41,1,1,2,3,0
1250,38,2,2,2,2,1
1251,42,1,2,1,2,0
1252,34,1,2,1,3,0
1253,37,1,2,2,3,0
1254,28,1,2,2,3,0
1255,27,1,1,1,3,0
1256,35,1,1,2,3,1
1257,28,1,2,2,3,0
1258,20,1,1,1,2,1
1259,32,1,2,1,2,0
1260,40,1,2,1,1,0
1261,24,1,1,1,2,0
1262,41,1,1,1,2,0
1263,30,1,1,2,1,1
1264,27,1,1,2,2,1
1265,50,2,2,2,3,1
1266,40,1,1,2,3,0
1267,36,2,2,2,2,1
1268,26,1,1,1,3,0
1269,40,2,2,2,2,1
1270,39,1,1,2,2,0
1271,37,2,2,2,3,1
1272,31,1,1,1,3,0
1273,37,1,1,1,2,1
1274,32,2,1,2,2,1
1275,40,1,2,2,3,0
1276,49,2,2,1,3,1
1277,29,1,2,2,2,0
1278,27,1,1,1,1,1
1279,47,1,1,2,3,0
1280,29,1,2,2,3,0
1281,28,1,1,2,3,1
1282,36,1,1,2,2,0
1283,33,1,1,2,2,1
1284,39,1,2,2,3,0
1285,23,1,2,1,2,0
1286,33,1,1,2,3,0
1287,40,1,1,2,3,0
1288,48,1,2,2,3,0
1289,42,1,2,2,3,0
1290,37,1,2,2,3,0
1291,48,1,1,1,2,1
1292,57,1,1,1,2,0
1293,40,1,1,2,2,1
1294,45,2,2,2,3,1
1295,31,1,1,1,2,0
1296,20,1,1,2,2,1
1297,41,1,1,2,3,1
1298,35,1,1,1,2,0
1299,51,1,1,1,2,0
1300,39,1,1,1,2,0
1301,31,1,1,1,2,0
1302,42,1,2,1,3,0
1303,34,2,2,1,3,1
1304,41,1,1,2,3,1
1305,31,1,1,1,3,0
1306,39,1,1,1,2,0
1307,41,1,2,1,3,0
1308,30,1,2,1,3,0
1309,21,1,1,2,3,0
1310,45,1,1,1,2,0
1311,34,1,2,2,2,0
1312,37,1,1,2,3,0
1313,49,1,2,2,3,0
1314,33,1,1,2,2,0
1315,34,1,1,1,2,0
1316,35,2,2,1,2,1
1317,40,1,2,1,2,0
1318,45,1,1,2,2,1
1319,48,1,2,2,3,1
1320,32,1,1,1,1,1
1321,59,2,2,2,3,1
1322,47,1,2,1,3,0
1323,31,1,2,2,2,1
1324,35,1,1,2,3,0
1325,47,1,1,1,3,0
1326,43,1,2,2,2,0
1327,28,1,1,2,3,1
1328,35,2,1,2,2,1
1329,35,1,1,2,3,0
1330,33,1,1,1,3,0
1331,21,1,1,2,3,0
1332,32,2,2,2,2,1
1333,32,1,2,2,2,0
1334,27,1,1,2,2,1
1335,22,2,2,1,2,1
1336,27,1,2,2,2,0
1337,44,1,1,2,1,1
1338,48,1,1,2,2,0
1339,27,1,2,1,1,0
1340,37,1,1,2,2,0
1341,35,2,2,2,3,1
1342,40,2,2,2,3,1
1343,39,1,2,2,3,0
1344,39,1,1,1,3,1
1345,42,1,2,2,3,0
1346,27,1,2,2,3,0
1347,37,1,1,1,3,0
1348,27,1,1,1,2,1
1349,55,1,1,1,2,1
1350,36,2,1,2,1,1
1351,31,1,2,1,1,0
1352,46,1,1,1,2,1
1353,37,1,1,1,3,1
1354,36,1,2,1,2,0
1355,41,2,2,1,3,1
1356,34,2,2,2,3,1
1357,44,1,1,2,2,0
1358,36,1,2,2,3,0
1359,27,1,1,1,3,0
1360,29,1,2,1,2,0
1361,25,1,2,1,3,0
1362,26,1,2,1,3,0
1363,32,1,2,1,3,0
1364,42,2,2,2,3,1
1365,39,1,1,1,3,1
1366,33,1,1,2,3,0
1367,34,1,1,2,2,1
1368,41,1,2,2,3,0
1369,35,1,1,2,3,0
1370,49,2,2,2,2,1
1371,27,1,1,2,2,1
1372,33,2,2,1,2,1
1373,46,1,2,1,2,0
1374,48,1,2,1,1,1
1375,41,1,1,2,3,1
1376,21,1,2,1,3,0
1377,44,1,1,2,2,1
1378,43,1,1,2,3,0
1379,40,1,1,2,2,0
1380,39,1,2,1,3,1
1381,37,2,2,1,2,1
1382,24,1,2,2,3,0
1383,58,1,2,1,2,0
1384,40,1,2,2,3,0
1385,47,1,1,1,2,1
1386,27,1,1,1,2,1
1387,37,1,2,1,2,0
1388,30,1,1,2,2,0
1389,43,1,1,2,3,0
1390,34,1,1,1,2,1
1391,51,1,1,2,2,0
1392,42,1,1,1,2,1
1393,29,2,2,1,3,1
1394,28,2,1,2,3,1
1395,29,1,2,1,3,0
1396,26,1,1,1,3,0
1397,36,1,1,1,3,1
1398,47,1,1,1,2,1
1399,32,1,1,2,2,0
1400,34,1,1,2,2,0
1401,30,1,1,2,3,0
1402,38,1,2,1,2,0
1403,39,1,2,1,3,0
1404,35,2,2,1,2,1
1405,43,1,1,2,3,0
1406,37,2,2,2,2,1
1407,21,1,2,2,2,1
1408,39,1,2,2,1,0
1409,43,1,1,2,2,0
1410,22,1,1,1,3,0
1411,27,2,2,1,2,1
1412,33,2,2,1,3,1
1413,38,1,1,2,2,0
1414,29,1,2,2,2,0
1415,32,1,1,1,2,0
1416,35,1,1,2,2,0
1417,34,1,1,1,2,1
1418,38,1,2,1,2,0
1419,38,1,1,2,2,1
1420,44,2,2,2,2,1
1421,48,1,2,2,3,0
1422,38,1,2,2,3,0
1423,34,2,2,1,2,1
1424,30,1,2,1,2,0
1425,32,1,1,1,2,1
1426,40,1,2,1,1,0
1427,37,1,1,1,2,0
1428,54,1,2,2,3,0
1429,39,1,2,2,3,1
1430,42,2,2,2,3,1
1431,43,2,2,2,2,1
1432,41,1,2,2,2,0
1433,41,1,1,2,2,0
1434,29,1,1,2,2,0
1435,35,1,1,1,3,0
1436,23,1,1,1,2,1
1437,35,1,2,1,2,0
1438,42,1,2,1,3,0
1439,28,1,2,1,3,0
1440,29,2,1,1,3,1
1441,28,1,1,1,1,1
1442,27,1,1,1,3,1
1443,50,1,2,1,2,0
1444,56,1,1,1,3,0
1445,23,1,2,2,2,0
1446,33,2,2,2,1,0
1447,39,1,2,1,2,0
1448,20,1,1,2,2,0
1449,22,2,2,1,2,0
1450,26,1,2,1,2,0
1451,45,2,2,2,2,0
1452,21,2,2,1,1,0
1453,29,2,2,2,1,0
1454,20,2,1,2,1,0
1455,20,1,2,2,2,0
1456,27,1,2,1,1,0
1457,23,1,2,2,2,0
1458,29,2,2,2,1,0
1459,20,2,2,2,2,0
1460,23,1,2,2,1,0
1461,24,2,2,1,1,0
1462,21,1,2,2,1,0
1463,27,2,2,2,2,0
1464,30,1,2,2,2,0
1465,49,1,2,2,1,0
1466,38,1,2,2,1,0
1467,27,2,2,1,2,0
1468,23,1,2,1,1,0
1469,41,2,2,2,2,0
1470,30,1,1,1,2,0
1471,20,1,2,2,2,0
1472,27,1,2,1,1,0
1473,29,2,2,1,3,0
1474,29,1,2,2,2,0
1475,30,2,2,2,2,0
1476,25,2,2,2,1,0
1477,28,1,2,2,2,0
1478,41,1,2,1,3,0
1479,28,1,1,2,1,0
1480,29,1,1,2,3,0
1481,39,2,2,1,2,0
1482,23,1,1,1,1,0
1483,21,1,2,2,2,0
1484,32,2,2,1,1,0
1485,47,1,2,2,1,0
1486,25,1,2,2,2,0
1487,24,2,2,2,3,0
1488,54,1,2,2,3,0
1489,33,2,2,2,3,0
1490,22,1,2,1,2,0
1491,41,1,2,1,1,0
1492,21,1,2,2,1,0
1493,42,1,2,2,2,0
1494,35,2,2,2,2,0
1495,21,1,2,1,2,0
1496,27,2,2,2,2,0
1497,40,1,2,1,3,0
1498,42,2,2,2,2,0
1499,34,1,2,2,1,0
1500,48,1,2,2,1,0
1501,31,1,1,2,3,0
1502,27,2,2,1,1,0
1503,41,2,2,2,2,0
1504,34,2,2,1,1,0
1505,31,2,2,2,1,0
1506,22,2,2,1,1,0
1507,30,1,2,1,2,0
1508,22,1,2,2,3,0
1509,21,1,2,1,2,0
1510,30,1,2,1,3,0
1511,20,1,2,1,2,0
1512,40,1,1,1,1,0
1513,26,1,2,1,1,0
1514,20,2,2,2,1,0
1515,23,2,1,2,3,0
1516,27,1,2,2,1,0
1517,34,1,1,1,3,0
1518,29,1,2,2,2,0
1519,36,1,2,2,2,0
1520,32,1,2,1,3,0
1521,26,1,2,1,1,0
1522,34,1,2,2,1,0
1523,25,1,2,1,2,0
1524,20,1,2,1,1,0
1525,29,1,1,2,1,0
1526,25,1,2,2,2,0
1527,25,1,2,2,2,0
1528,31,1,2,2,2,0
1529,31,1,2,2,3,0
1530,27,1,2,1,1,0
1531,31,2,2,2,3,0
1532,30,1,2,2,1,0
1533,22,1,2,1,1,0
1534,42,2,2,2,1,0
1535,47,2,2,2,1,0
1536,26,1,2,2,1,0
1537,26,2,2,1,2,0
1538,30,1,2,2,3,0
1539,24,1,2,1,1,0
1540,30,1,2,1,2,0
1541,28,1,2,1,1,0
1542,37,1,1,2,1,0
1543,29,1,2,2,2,0
1544,30,1,2,1,1,0
1545,42,1,2,2,1,0
1546,23,1,2,2,2,0
1547,33,1,2,1,3,0
1548,35,2,2,1,2,0
1549,37,1,2,1,2,0
1550,22,2,2,1,2,0
1551,51,2,2,1,1,0
1552,29,1,2,2,1,0
1553,30,1,2,1,2,0
1554,22,1,2,2,1,0
1555,23,2,2,1,2,0
1556,22,1,2,1,2,0
1557,41,1,2,2,2,0
1558,38,1,2,2,1,0
1559,39,1,2,1,1,0
1560,33,1,2,1,2,0
1561,41,2,2,2,1,0
1562,30,1,2,2,2,0
1563,27,2,2,1,2,0
1564,24,2,2,1,2,0
1565,26,1,2,1,3,0
1566,21,1,2,1,1,0
1567,28,2,2,2,3,0
1568,23,1,2,1,2,0
1569,29,2,2,2,1,0
1570,20,2,2,1,1,0
1571,24,1,2,2,2,0
1572,26,2,2,1,2,0
1573,34,1,2,1,1,0
1574,27,1,2,1,2,0
1575,20,2,2,1,1,0
1576,28,1,2,1,3,0
1577,20,2,2,1,1,0
1578,23,1,2,1,3,0
1579,23,1,1,2,1,0
1580,21,2,2,2,1,0
1581,22,2,2,2,1,0
1582,33,1,2,2,1,0
1583,30,2,2,1,2,0
1584,20,2,2,1,2,0
1585,25,1,2,1,2,0
1586,24,1,2,1,1,0
1587,28,1,2,2,1,0
1588,23,2,2,1,1,0
1589,22,1,2,1,1,0
1590,46,2,2,1,2,0
1591,24,1,2,2,1,0
1592,36,1,2,1,2,0
1593,35,2,2,1,3,0
1594,36,1,1,1,1,0
1595,25,1,2,2,1,0
1596,36,1,2,2,2,0
1597,22,1,2,1,2,0
1598,43,1,2,1,2,0
1599,27,1,2,2,2,0
1600,26,2,2,2,1,0
1601,22,1,2,1,2,0
1602,32,1,2,1,1,0
1603,24,2,2,1,2,0
1604,22,2,2,1,3,0
1605,24,1,2,2,1,0
1606,24,1,1,2,2,0
1607,37,2,2,2,2,0
1608,27,1,2,2,3,0
1609,29,1,2,2,2,0
1610,31,2,2,2,1,0
1611,40,1,2,2,3,0
1612,21,2,2,2,2,0
1613,31,2,2,1,1,0
1614,27,1,2,1,1,0
1615,22,1,2,2,1,0
1616,35,1,2,1,3,0
1617,24,2,2,1,1,0
1618,28,1,1,1,2,0
1619,28,2,2,1,1,0
1620,26,1,2,2,1,0
1621,23,1,2,1,2,0
1622,24,1,2,1,2,0
1623,30,1,2,2,2,0
1624,38,2,2,2,2,0
1625,29,1,2,2,1,0
1626,26,1,2,1,3,0
1627,22,1,1,2,2,0
1628,20,1,2,2,2,0
1629,23,1,2,2,1,0
1630,21,2,2,1,1,0
1631,30,1,2,1,2,0
1632,21,1,2,1,2,0
1633,22,2,2,1,2,0
1634,28,2,2,2,1,0
1635,26,1,2,1,3,0
1636,27,1,2,1,3,0
1637,27,1,1,2,2,0
1638,24,1,2,1,2,0
1639,29,1,2,2,1,0
1640,33,1,2,2,2,0
1641,26,1,2,2,3,0
1642,23,2,2,1,1,0
1643,32,2,2,1,1,0
1644,25,2,2,2,1,0
1645,46,1,2,2,1,0
1646,20,1,2,2,2,0
1647,47,1,2,2,1,0
1648,24,2,2,1,3,0
1649,23,1,2,2,3,0
1650,22,1,2,1,2,0
1651,24,2,2,1,1,0
1652,41,1,2,2,1,0
1653,44,1,2,2,1,0
1654,24,1,2,2,2,0
1655,24,2,2,1,1,0
1656,22,1,2,1,3,0
1657,37,2,2,2,2,0
1658,24,1,1,1,2,0
1659,31,1,2,2,1,0
1660,31,2,2,1,1,0
1661,34,1,2,1,2,0
1662,21,1,2,2,2,0
1663,23,2,2,2,1,0
1664,27,1,2,2,3,0
1665,25,2,2,2,1,0
1666,31,1,2,2,1,0
1667,26,1,2,2,2,0
1668,32,1,2,1,2,0
1669,34,1,2,2,1,0
1670,30,1,2,1,1,0
1671,25,1,2,2,2,0
1672,20,1,1,1,1,0
1673,38,2,2,1,2,0
1674,22,1,2,1,1,0
1675,34,2,2,1,1,0
1676,22,2,2,1,1,0
1677,22,1,2,2,2,0
1678,36,2,2,2,2,0
1679,37,1,2,1,2,0
1680,33,1,1,1,2,0
1681,25,2,2,1,1,0
1682,34,1,2,1,2,0
1683,20,2,2,1,1,0
1684,29,1,2,2,3,0
1685,33,1,1,1,1,0
1686,38,1,2,1,2,0
1687,45,2,2,1,2,0
1688,20,2,2,2,2,0
1689,22,2,2,2,1,0
1690,26,2,2,2,2,0
1691,24,2,2,2,2,0
1692,22,2,2,1,1,0
1693,20,1,2,1,2,0
1694,27,1,2,2,2,0
1695,41,2,2,1,1,0
1696,39,1,2,1,1,0
1697,23,1,2,2,1,0
1698,26,2,2,2,2,0
1699,40,2,2,2,1,0
1700,20,1,2,1,2,0
1701,25,1,2,1,2,0
1702,34,2,2,1,1,0
1703,35,1,2,1,2,0
1704,21,2,2,2,2,0
1705,24,1,1,2,2,0
1706,25,2,2,2,1,0
1707,24,1,2,2,2,0
1708,37,1,2,1,1,0
1709,39,2,2,2,2,0
1710,34,2,2,2,1,0
1711,41,2,2,1,1,0
1712,20,1,2,2,2,0
1713,29,2,2,1,3,0
1714,29,1,2,1,2,0
1715,32,1,2,1,1,0
1716,21,1,2,2,1,0
1717,42,1,2,1,1,0
1718,24,1,2,2,1,0
1719,31,2,2,1,2,0
1720,20,2,2,2,2,0
1721,24,2,2,2,1,0
1722,33,1,2,1,2,0
1723,33,1,2,2,1,0
1724,38,1,2,2,3,0
1725,21,1,2,1,1,0
1726,22,1,1,2,1,0
1727,29,2,2,2,1,0
1728,30,1,2,1,2,0
1729,23,2,2,2,2,0
1730,35,2,2,2,2,0
1731,27,1,2,2,2,0
1732,30,1,2,1,1,0
1733,34,2,2,2,2,0
1734,36,1,2,2,1,0
1735,27,1,2,2,2,0
1736,23,1,2,1,2,0
1737,23,1,2,2,2,0
1738,23,2,2,2,2,0
1739,36,1,2,1,1,0
1740,27,2,2,1,2,0
1741,41,1,2,2,1,0
1742,33,1,2,1,2,0
1743,20,2,2,1,1,0
1744,26,1,2,1,2,0
1745,26,1,2,2,1,0
1746,25,1,2,2,2,0
1747,22,2,2,1,2,0
1748,33,1,1,1,2,0
1749,43,2,2,2,1,0
1750,26,2,2,2,1,0
1751,20,2,2,1,1,0
1752,27,2,2,1,1,0
1753,35,1,1,1,1,0
1754,31,1,2,1,1,0
1755,22,2,2,2,1,0
1756,21,1,2,2,2,0
1757,46,1,2,1,1,0
1758,40,1,2,1,1,0
1759,47,2,2,1,2,0
1760,40,2,2,1,2,0
1761,25,2,2,1,2,0
1762,24,1,2,2,1,0
1763,31,1,2,1,2,0
1764,29,2,2,1,1,0
1765,25,1,2,1,3,0
1766,33,2,2,1,2,0
1767,46,1,2,1,2,0
1768,22,2,2,1,2,0
1769,33,1,2,2,3,0
1770,24,2,2,1,2,0
1771,26,2,2,1,2,0
1772,23,1,2,2,1,0
1773,25,1,1,1,2,0
1774,33,2,2,1,2,0
1775,40,2,2,1,1,0
1776,37,1,2,2,3,0
1777,32,1,2,2,1,0
1778,20,1,1,2,1,0
1779,21,1,2,1,2,0
1780,30,1,2,2,1,0
1781,51,2,2,1,1,0
1782,29,2,2,1,1,0
1783,29,1,2,1,1,0
1784,23,2,2,1,2,0
1785,40,1,2,1,2,0
1786,36,1,2,2,2,0
1787,27,1,2,1,3,0
1788,26,2,2,1,2,0
1789,29,2,2,2,1,0
1790,28,1,2,1,2,0
1791,25,1,2,1,1,0
1792,26,2,2,2,2,0
1793,33,2,2,1,2,0
1794,21,1,2,1,2,0
1795,40,2,2,1,2,0
1796,41,1,2,2,2,0
1797,20,1,2,1,2,0
1798,25,1,2,2,3,0
1799,35,2,2,1,1,0
1800,27,1,2,1,1,0
1801,24,1,2,1,1,0
1802,27,1,1,2,1,0
1803,20,2,2,1,2,0
1804,27,2,2,1,1,0
1805,23,2,2,2,1,0
1806,42,2,2,1,2,0
1807,26,1,2,1,2,0
1808,29,1,2,2,1,0
1809,21,1,1,1,1,0
1810,27,1,2,1,1,0
1811,33,1,2,2,2,0
1812,34,2,2,1,2,0
1813,24,2,2,2,2,0
1814,32,2,2,2,1,0
1815,36,1,2,1,2,0
1816,24,1,2,1,2,0
1817,21,1,2,2,2,0
1818,24,1,2,1,1,0
1819,44,2,2,2,1,0
1820,30,2,2,2,1,0
1821,22,2,2,1,2,0
1822,26,2,2,2,3,0
1823,24,1,2,1,3,0
1824,33,2,2,1,1,0
1825,21,1,2,2,2,0
1826,27,1,2,2,2,0
1827,29,2,2,2,3,0
1828,24,1,2,2,1,0
1829,28,2,2,2,2,0
1830,29,2,2,2,1,0
1831,34,1,1,2,2,0
1832,30,1,2,1,2,0
1833,27,1,2,1,1,0
1834,35,2,2,2,1,0
1835,37,1,2,1,2,0
1836,27,1,2,2,1,0
1837,21,2,2,2,1,0
1838,34,1,2,2,1,0
1839,26,1,2,2,1,0
1840,20,1,2,1,1,0
1841,25,1,2,1,2,0
1842,30,2,2,2,1,0
1843,20,2,2,1,2,0
1844,30,1,2,1,1,0
1845,36,1,2,2,1,0
1846,50,2,2,2,1,0
1847,27,1,2,2,2,0
1848,29,1,2,2,3,0
1849,20,1,2,1,1,0
1850,41,1,2,2,2,0
1851,36,1,2,2,1,0
1852,21,1,1,1,3,0
1853,23,2,2,2,2,0
1854,32,2,2,1,3,0
1855,28,2,2,2,2,0
1856,27,2,2,2,2,0
1857,35,2,2,1,2,0
1858,38,2,2,2,1,0
1859,26,1,2,2,1,0
1860,20,1,2,1,2,0
1861,20,2,2,2,2,0
1862,37,1,2,2,1,0
1863,38,2,2,1,3,0
1864,29,1,1,2,1,0
1865,23,1,1,1,1,0
1866,53,2,2,1,2,0
1867,24,1,2,1,2,0
1868,34,1,2,2,2,0
1869,32,1,2,1,2,0
1870,31,2,2,2,1,0
1871,29,1,1,1,3,0
1872,38,1,2,1,1,0
1873,36,1,2,2,2,0
1874,23,2,2,1,2,0
1875,20,1,2,1,1,0
1876,31,1,2,2,2,0
1877,31,1,2,2,1,0
1878,34,1,2,2,1,0
1879,32,1,2,2,2,0
1880,29,2,2,1,2,0
1881,28,1,2,2,2,0
1882,30,2,2,1,1,0
1883,36,1,2,1,1,0
1884,36,2,2,2,2,0
1885,35,1,2,2,1,0
1886,38,1,2,2,1,0
1887,27,2,2,2,2,0
1888,36,2,2,2,1,0
1889,37,2,2,1,2,0
1890,29,1,2,1,2,0
1891,34,1,1,1,2,0
1892,29,1,2,2,2,0
1893,35,1,2,1,1,0
1894,27,2,2,1,1,0
1895,24,1,2,1,1,0
1896,29,2,2,1,1,0
1897,22,1,2,1,1,0
1898,20,1,2,2,2,0
1899,26,1,2,2,1,0
1900,40,1,2,1,1,0
1901,22,1,2,2,1,0
1902,30,1,2,2,1,0
1903,22,1,2,2,1,0
1904,20,1,2,1,2,0
1905,42,2,2,1,1,0
1906,40,1,2,2,2,0
1907,21,1,2,2,1,0
1908,36,1,2,2,1,0
1909,47,1,2,2,3,0
1910,26,1,2,2,1,0
1911,29,2,2,2,1,0
1912,41,1,1,2,2,0
1913,37,1,2,2,2,0
1914,28,1,2,2,2,0
1915,44,1,2,2,1,0
1916,39,1,2,1,3,0
1917,32,1,2,2,1,0
1918,27,2,2,2,2,0
1919,28,2,2,1,2,0
1920,26,2,2,1,2,0
1921,28,1,2,2,2,0
1922,29,1,2,1,1,0
1923,21,2,2,1,2,0
1924,22,1,2,2,1,0
1925,26,1,2,1,2,0
1926,34,1,2,2,1,0
1927,32,1,2,2,1,0
1928,33,2,2,1,1,0
1929,48,1,2,1,3,0
1930,30,1,1,1,2,0
1931,26,1,2,1,1,0
1932,43,1,2,2,1,0
1933,34,1,2,1,3,0
1934,25,2,2,1,1,0
1935,35,1,2,2,2,0
1936,37,1,2,1,3,0
1937,32,1,2,2,2,0
1938,33,1,2,2,3,0
1939,24,1,2,1,2,0
1940,47,2,2,1,2,0
1941,28,1,2,2,2,0
1942,23,1,2,1,2,0
1943,28,2,2,2,1,0
1944,20,2,2,2,2,0
1945,24,2,2,2,2,0
1946,32,1,1,2,3,0
1947,34,2,2,1,2,0
1948,22,1,2,1,2,0
1949,22,2,2,1,1,0
1950,25,1,1,2,2,0
1951,29,1,2,2,2,0
1952,27,1,2,1,2,0
1953,23,2,2,1,2,0
1954,40,1,2,2,2,0
1955,26,2,2,1,1,0
1956,29,1,2,2,1,0
1957,37,1,2,2,1,0
1958,22,2,2,2,1,0
1959,23,1,2,1,2,0
1960,20,1,2,1,1,0
1961,21,1,2,2,1,0
1962,37,1,2,2,3,0
1963,36,2,2,2,2,0
1964,39,1,2,2,2,0
1965,31,2,2,1,1,0
1966,33,2,2,1,1,0
1967,34,1,2,2,1,0
1968,21,1,1,1,2,0
1969,38,2,2,2,2,0
1970,23,2,2,1,1,0
1971,29,1,2,1,1,0
1972,22,1,2,2,2,0
1973,24,2,2,1,1,0
1974,36,2,2,2,1,0
1975,37,2,2,1,3,0
1976,20,1,2,1,2,0
1977,20,2,1,1,1,0
1978,24,1,1,2,2,0
1979,30,2,2,2,1,0
1980,29,1,2,1,2,0
1981,37,1,2,2,3,0
1982,26,1,2,1,2,0
1983,39,2,2,2,1,0
1984,26,1,2,2,1,0
1985,33,1,1,1,2,0
1986,30,1,2,1,3,0
1987,27,1,1,2,2,0
1988,26,1,2,1,2,0
1989,25,1,2,2,3,0
1990,33,2,2,1,1,0
1991,28,1,1,1,3,0
1992,36,1,2,1,1,0
1993,27,1,2,1,2,0
1994,38,1,2,1,1,0
1995,23,2,2,2,2,0
1996,23,1,2,2,1,0
1997,28,1,2,2,1,0
1998,36,2,2,2,1,0
1999,27,1,2,1,1,0
2000,27,1,2,1,2,0
2001,22,1,1,1,1,0
2002,43,2,2,2,3,0
2003,23,2,2,1,2,0
2004,34,2,2,2,2,0
2005,32,1,2,1,1,0
2006,40,2,2,1,1,0
2007,41,1,2,1,2,0
2008,41,1,2,1,2,0
2009,33,1,2,1,2,0
2010,28,1,2,1,1,0
2011,39,1,2,1,2,0
2012,35,1,2,1,2,0
2013,22,1,1,1,2,0
2014,30,1,2,1,2,0
2015,38,2,2,2,1,0
2016,26,1,2,2,1,0
2017,24,2,2,2,1,0
2018,38,1,1,2,2,0
2019,30,1,2,1,3,0
2020,20,1,2,2,1,0
2021,28,2,2,2,1,0
2022,25,1,2,1,3,0
2023,23,1,1,2,2,0
2024,29,1,2,2,1,0
2025,27,1,2,2,1,0
2026,31,1,2,2,1,0
2027,21,2,2,1,2,0
2028,43,1,2,1,2,0
2029,29,2,2,1,1,0
2030,31,1,1,1,3,0
2031,21,1,1,1,1,0
2032,25,1,1,2,2,0
2033,35,1,2,2,1,0
2034,37,1,2,1,2,0
2035,31,2,2,2,1,0
2036,26,1,2,2,2,0
2037,31,1,2,2,2,0
2038,31,2,2,1,2,0
2039,36,1,2,2,1,0
2040,36,2,2,2,2,0
2041,30,1,2,2,1,0
2042,27,1,2,1,2,0
2043,25,1,2,2,2,0
2044,23,2,2,1,1,0
2045,25,1,2,2,2,0
2046,20,1,1,2,1,0
2047,43,2,2,1,1,0
2048,22,1,2,1,3,0
2049,35,1,1,2,1,0
2050,21,1,2,1,1,0
2051,23,1,2,1,1,0
2052,23,1,2,2,1,0
2053,23,2,2,1,1,0
2054,27,1,2,1,1,0
2055,30,1,2,1,1,0
2056,36,1,1,2,2,0
2057,31,1,1,2,2,0
2058,28,1,2,1,1,0
2059,26,1,2,2,1,0
2060,44,1,2,2,2,0
2061,25,2,2,1,1,0
2062,40,2,2,1,2,0
2063,29,1,2,2,2,0
2064,32,1,2,1,2,0
2065,23,2,2,1,1,0
2066,33,2,2,1,1,0
2067,32,2,2,1,1,0
2068,34,1,2,2,1,0
2069,41,1,2,1,1,0
2070,27,2,2,1,1,0
2071,37,1,2,2,2,0
2072,25,1,1,1,2,0
2073,21,2,2,1,2,0
2074,22,1,2,1,2,0
2075,32,2,2,1,2,0
2076,25,2,2,2,2,0
2077,44,1,2,1,2,0
2078,37,2,2,2,1,0
2079,29,1,1,1,2,0
2080,24,2,2,2,2,0
2081,28,1,2,2,2,0
2082,34,1,2,1,2,0
2083,26,1,1,2,2,0
2084,23,2,2,1,2,0
2085,40,1,2,2,2,0
2086,30,1,2,2,1,0
2087,29,2,2,1,1,0
2088,26,1,2,1,3,0
2089,31,1,2,1,1,0
2090,33,1,1,2,2,0
2091,33,1,2,2,2,0
2092,31,2,2,2,2,0
2093,25,2,2,2,2,0
2094,22,2,2,1,1,0
2095,32,1,1,2,3,0
2096,27,2,2,1,2,0
2097,23,1,2,1,2,0
2098,24,1,2,1,1,0
2099,37,1,2,2,3,0
2100,32,1,2,2,1,0
2101,25,2,2,2,1,0
2102,51,1,1,2,2,0
2103,40,2,2,1,2,0
2104,56,2,2,1,1,0
2105,30,1,2,1,2,0
2106,31,1,2,1,1,0
2107,37,2,2,1,1,0
2108,45,1,1,2,1,0
2109,21,1,2,2,1,0
2110,25,1,2,1,2,0
2111,29,1,2,1,1,0
2112,34,2,2,2,2,0
2113,30,1,2,1,1,0
2114,31,2,2,1,2,0
2115,39,2,2,2,2,0
2116,22,2,2,1,2,0
2117,21,2,2,2,2,0
2118,29,1,1,2,2,0
2119,22,1,2,2,3,0
2120,26,1,2,2,2,0
2121,26,2,2,2,2,0
2122,34,1,2,2,1,0
2123,27,1,1,2,2,0
2124,35,2,1,1,2,0
2125,29,1,2,1,1,0
2126,25,2,2,1,2,0
2127,31,1,2,2,1,0
2128,33,2,2,2,1,0
2129,29,1,2,2,1,0
2130,34,1,2,1,2,0
2131,26,2,2,2,2,0
2132,27,1,1,1,2,0
2133,36,1,2,1,1,0
2134,26,2,2,2,2,0
2135,22,1,2,2,2,0
2136,33,1,2,2,1,0
2137,31,1,2,1,1,0
2138,22,1,2,1,1,0
2139,31,2,2,1,2,0
2140,30,1,2,2,1,0
2141,32,1,2,2,2,0
2142,27,2,2,1,2,0
2143,36,1,2,1,2,0
2144,35,1,1,1,1,0
2145,30,2,2,2,1,0
2146,30,1,2,1,2,0
2147,33,1,2,1,1,0
2148,44,2,2,2,2,0
2149,20,2,2,1,2,0
2150,27,2,2,2,1,0
2151,35,1,2,1,1,0
2152,40,1,2,1,2,0
2153,34,1,2,2,2,0
2154,25,1,2,1,2,0
2155,21,1,2,2,1,0
2156,22,2,2,2,2,0
2157,20,1,1,1,1,0
2158,28,1,2,2,1,0
2159,26,2,2,1,2,0
2160,27,1,2,1,3,0
2161,22,2,2,2,2,0
2162,24,1,2,1,2,0
2163,33,1,2,1,1,0
2164,33,1,2,1,1,0
2165,22,1,2,1,1,0
2166,20,1,2,1,2,0
2167,35,2,2,1,2,0
2168,31,1,1,2,1,0
2169,41,2,2,1,1,0
2170,20,1,2,1,2,0
2171,24,2,2,1,2,0
2172,28,1,2,2,1,0
2173,33,1,2,2,1,0
2174,22,1,2,1,3,0
2175,39,1,2,2,1,0
2176,27,2,2,1,2,0
2177,37,1,1,1,2,0
2178,29,1,2,2,2,0
2179,25,1,2,2,1,0
2180,23,1,2,2,1,0
2181,31,2,2,2,3,0
2182,28,1,2,1,1,0
2183,26,1,2,1,3,0
2184,22,1,2,2,2,0
2185,22,2,2,1,2,0
2186,30,2,2,2,2,0
2187,28,2,2,1,2,0
2188,26,1,1,2,2,0
2189,26,2,2,2,2,0
2190,23,1,2,2,2,0
2191,22,2,2,1,2,0
2192,20,2,2,1,1,0
2193,20,1,2,2,1,0
2194,25,2,2,2,2,0
2195,40,2,2,1,2,0
2196,31,2,2,1,1,0
2197,22,1,2,1,1,0
2198,22,1,1,1,2,0
2199,24,1,1,1,1,0
2200,20,2,2,1,2,0
2201,34,1,2,2,1,0
2202,36,1,2,1,2,0
2203,25,2,2,2,1,0
2204,21,2,2,2,2,0
2205,29,1,2,2,2,0
2206,39,2,2,2,2,0
2207,35,1,2,1,3,0
2208,37,1,1,2,2,0
2209,22,1,1,2,2,0
2210,37,1,1,1,2,0
2211,28,2,2,2,2,0
2212,35,1,2,2,3,0
2213,38,1,1,1,2,0
2214,26,1,2,2,1,0
2215,20,1,1,2,2,0
2216,40,1,2,1,2,0
2217,28,2,2,2,3,0
2218,46,1,2,2,1,0
2219,22,2,2,1,2,0
2220,33,1,2,1,2,0
2221,38,1,2,1,2,0
2222,44,1,2,2,1,0
2223,35,1,2,1,1,0
2224,20,1,1,2,1,0
2225,41,1,2,1,2,0
2226,26,2,2,2,1,0
2227,25,1,2,1,2,0
2228,23,2,2,2,1,0
2229,43,1,2,2,2,0
2230,35,2,2,1,2,0
2231,32,1,2,2,2,0
2232,35,1,2,1,2,0
2233,24,2,2,1,2,0
2234,28,2,2,1,1,0
2235,37,1,2,1,2,0
2236,32,1,2,2,1,0
2237,31,2,2,2,2,0
2238,26,2,2,1,1,0
2239,24,1,2,2,2,0
2240,23,1,2,1,1,0
2241,26,1,1,1,2,0
2242,21,2,2,1,1,0
2243,29,1,2,2,2,0
2244,20,1,2,2,1,0
2245,30,1,2,1,2,0
2246,25,1,2,1,2,0
2247,40,2,2,1,2,0
2248,40,1,2,2,1,0
2249,26,1,2,2,2,0
2250,51,1,2,1,2,0
2251,29,1,2,2,2,0
2252,37,1,2,2,1,0
2253,22,2,2,2,1,0
2254,31,1,2,1,2,0
2255,23,2,2,1,1,0
2256,22,1,2,1,2,0
2257,30,1,2,2,1,0
2258,32,1,2,2,1,0
2259,34,2,2,2,1,0
2260,20,2,1,2,2,0
2261,23,1,2,1,1,0
2262,27,1,2,1,2,0
2263,20,1,2,1,2,0
2264,28,1,2,1,2,0
2265,24,2,2,2,2,0
2266,37,1,2,1,1,0
2267,47,1,2,2,3,0
2268,22,2,2,2,3,0
2269,43,2,2,2,1,0
2270,24,2,2,2,1,0
2271,36,1,1,1,2,0
2272,33,1,2,2,2,0
2273,24,1,2,1,2,0
2274,34,1,1,1,1,0
2275,24,2,2,1,2,0
2276,26,2,2,2,2,0
2277,29,1,2,1,2,0
2278,53,1,2,2,1,0
2279,37,1,2,2,2,0
2280,21,2,2,1,1,0
2281,44,1,1,2,2,0
2282,25,1,2,1,2,0
2283,23,1,2,1,2,0
2284,24,1,2,2,1,0
2285,23,1,2,1,2,0
2286,41,2,2,2,2,0
2287,31,2,2,2,1,0
2288,26,1,2,2,1,0
2289,25,2,2,1,2,0
2290,33,1,2,1,3,0
2291,40,1,1,2,2,0
2292,34,1,2,1,2,0
2293,43,1,2,2,1,0
2294,33,1,2,2,1,0
2295,22,1,2,2,1,0
2296,28,1,2,2,2,0
2297,39,1,2,2,1,0
2298,31,2,2,2,1,0
2299,24,1,2,1,2,0
2300,20,1,2,1,2,0
2301,36,1,2,1,1,0
2302,28,1,2,2,1,0
2303,38,2,2,1,1,0
2304,29,1,2,2,1,0
2305,20,1,2,2,1,0
2306,29,1,1,1,2,0
2307,54,1,2,1,2,0
2308,30,2,2,1,2,0
2309,22,1,1,2,2,0
2310,32,1,2,2,1,0
2311,32,1,2,2,2,0
2312,22,1,2,2,3,0
2313,44,1,2,2,1,0
2314,28,1,2,2,1,0
2315,27,2,2,1,2,0
2316,33,2,2,1,1,0
2317,43,1,2,1,1,0
2318,20,1,2,2,1,0
2319,25,2,2,1,1,0
2320,21,1,2,2,2,0
2321,28,2,2,1,1,0
2322,40,1,2,1,1,0
2323,31,2,2,1,1,0
2324,21,2,2,1,1,0
2325,39,2,2,2,1,0
2326,37,2,2,2,2,0
2327,32,1,2,1,1,0
2328,31,1,1,1,1,0
2329,22,1,2,1,1,0
2330,29,1,1,1,1,0
2331,29,1,1,1,1,0
2332,23,1,2,1,3,0
2333,40,2,2,1,1,0
2334,33,1,2,1,1,0
2335,23,2,2,1,1,0
2336,31,1,1,1,2,0
2337,39,1,2,2,3,0
2338,26,2,2,2,3,0
2339,22,2,2,2,2,0
2340,43,1,2,2,1,0
2341,31,1,2,1,1,0
2342,24,1,2,2,2,0
2343,38,1,2,2,2,0
2344,31,1,2,1,1,0
2345,24,2,2,2,1,0
2346,25,1,2,2,3,0
2347,37,2,2,1,2,0
2348,24,2,2,1,1,0
2349,27,1,2,2,1,0
2350,20,1,1,2,2,0
2351,43,2,2,2,2,0
2352,44,2,2,1,1,0
2353,23,1,2,2,1,0
2354,20,1,2,1,2,0
2355,35,1,2,2,1,0
2356,29,2,2,1,1,0
2357,28,2,2,2,1,0
2358,25,1,2,2,2,0
2359,52,1,2,2,1,0
2360,40,1,2,1,2,0
2361,20,2,2,1,2,0
2362,25,2,2,2,1,0
2363,24,1,2,2,1,0
2364,26,1,1,1,2,0
2365,42,1,2,2,1,0
2366,22,1,2,1,1,0
2367,30,1,2,1,1,0
2368,29,1,2,2,1,0
2369,36,2,2,1,2,0
2370,26,1,2,2,2,0
2371,25,1,2,2,2,0
2372,24,2,2,1,1,0
2373,21,1,2,2,2,0
2374,38,2,2,1,2,0
2375,23,2,2,1,2,0
2376,24,1,2,1,2,0
2377,35,1,2,2,1,0
2378,35,1,2,2,2,0
2379,29,2,2,2,1,0
2380,50,2,2,1,1,0
2381,29,2,2,2,2,0
2382,30,1,2,2,1,0
2383,26,1,1,1,1,0
2384,20,1,2,1,1,0
2385,32,2,2,2,2,0
2386,20,1,2,2,1,0
2387,30,2,2,1,2,0
2388,24,2,2,2,1,0
2389,35,2,2,2,2,0
2390,24,1,2,2,1,0
2391,36,2,2,2,2,0
2392,28,1,2,1,1,0
2393,21,1,2,1,2,0
2394,24,2,2,2,1,0
2395,44,1,2,1,2,0
2396,28,1,2,1,2,0
2397,33,1,2,2,1,0
2398,22,1,2,2,2,0
2399,36,1,2,1,2,0
2400,26,1,2,1,1,0
2401,22,2,2,2,1,0
2402,22,2,2,2,2,0
2403,38,1,2,2,1,0
2404,27,1,2,1,1,0
2405,24,1,2,1,2,0
2406,20,1,2,2,1,0
2407,20,2,2,1,1,0
2408,46,1,2,2,2,0
2409,27,2,2,1,2,0
2410,46,1,2,1,1,0
2411,23,1,2,2,1,0
2412,32,1,2,1,1,0
2413,30,1,2,1,2,0
2414,37,1,2,1,1,0
2415,24,1,1,2,2,0
2416,35,2,2,1,2,0
2417,22,2,2,2,2,0
2418,31,1,2,1,2,0
2419,32,2,2,1,2,0
2420,21,1,2,2,2,0
2421,20,1,2,1,1,0
2422,30,2,2,1,3,0
2423,24,1,2,1,2,0
2424,47,1,2,2,2,0
2425,24,1,2,1,1,0
2426,20,1,2,1,2,0
2427,20,1,2,1,2,0
2428,28,2,2,2,2,0
2429,20,1,2,2,2,0
2430,27,1,2,1,3,0
2431,33,1,2,1,2,0
2432,32,1,2,1,2,0
2433,22,1,2,1,1,0
2434,20,2,2,2,1,0
2435,40,1,2,2,1,0
2436,25,1,2,2,2,0
2437,30,1,2,1,2,0
2438,29,1,2,2,2,0
2439,27,1,2,1,2,0
2440,20,2,2,1,2,0
2441,43,1,2,2,2,0
2442,22,1,2,2,1,0
2443,29,2,2,1,2,0
2444,21,2,2,2,1,0
2445,26,1,2,2,3,0
2446,35,1,2,2,2,0
2447,35,1,2,2,2,0
2448,34,2,2,2,1,0
2449,39,2,2,2,1,0
2450,39,1,2,1,1,0
2451,29,1,2,2,1,0
2452,29,1,2,1,2,0
2453,45,1,2,1,1,0
2454,22,1,2,2,1,0
2455,24,2,2,2,2,0
2456,31,2,2,1,1,0
2457,34,2,2,1,1,0
2458,31,2,2,2,2,0
2459,39,1,2,2,2,0
2460,36,2,2,2,2,0
2461,32,1,2,2,1,0
2462,29,1,2,1,1,0
2463,21,1,2,2,2,0
2464,36,2,2,2,2,0
